{
    "faceSize": 32,
    "faceShape": {
        "1": [
            409,
            32,
            32,
            3
        ],
        "2": [
            335,
            32,
            32,
            3
        ]
    },
    "epochs": {
        "1": 1,
        "2": 1
    },
    "rounds": 40,
    "batchSize": 2,
    "trainingTime": "3765.6547191143036",
    "losses": {
        "s1": [
            0.1303231418132782,
            0.060169871896505356,
            0.026709511876106262,
            0.011331138201057911,
            0.0050078933127224445,
            0.00231389538384974,
            0.0015270166331902146,
            0.0013763920869678259,
            0.0012204177910462022,
            0.001154788420535624,
            0.00113063701428473,
            0.0010737123666331172,
            0.0009965932695195079,
            0.0009908503852784634,
            0.0009445275645703077,
            0.000974508817307651,
            0.001005483791232109,
            0.0008419784135185182,
            0.0009656770853325725,
            0.0008265528595075011,
            0.0008127007749862969,
            0.000788445642683655,
            0.0007949462742544711,
            0.0007161235553212464,
            0.0007312937523238361,
            0.0007022707141004503,
            0.0007378622540272772,
            0.0007023732177913189,
            0.0006589841796085238,
            0.0006546472432091832,
            0.0006557459710165858,
            0.0006825561868026853,
            0.0005991450743749738,
            0.0006324815331026912,
            0.0005842599784955382,
            0.0005636473069898784,
            0.0005519379046745598,
            0.0005639776354655623,
            0.000670703942887485,
            0.0005573355010710657
        ],
        "s2": [
            0.1113661602139473,
            0.04896388575434685,
            0.02202301286160946,
            0.009909562766551971,
            0.004258611239492893,
            0.002188504906371236,
            0.0013747882330790162,
            0.001064168056473136,
            0.0010268950136378407,
            0.0009451701189391315,
            0.0008948688628152013,
            0.000922380480915308,
            0.0007964189862832427,
            0.0008202794706448913,
            0.0007611543405801058,
            0.0007684308220632374,
            0.0006996684824116528,
            0.000684221857227385,
            0.0006761085242033005,
            0.0006813553045503795,
            0.000726197671610862,
            0.000636921904515475,
            0.0006290139863267541,
            0.0006132625276222825,
            0.0005872290348634124,
            0.0005665312055498362,
            0.0006380631821230054,
            0.0005727580282837152,
            0.0005793412565253675,
            0.0005801656516268849,
            0.0005955231608822942,
            0.0005188504583202302,
            0.0005330422427505255,
            0.0005205270717851818,
            0.0005600056611001492,
            0.0005179530708119273,
            0.000546142109669745,
            0.0005518073448911309,
            0.0005297778989188373,
            0.0005171564407646656
        ],
        "c1": [
            0.016658833250403404,
            0.006718866992741823,
            0.003668852150440216,
            0.0026997060049325228,
            0.002359881531447172,
            0.0019802364986389875,
            0.00174137600697577,
            0.0015637160977348685,
            0.0014782639918848872,
            0.001402823836542666,
            0.0013533391756936908,
            0.001297050854191184,
            0.0011794150341302156,
            0.0012403202708810568,
            0.0011454051127657294,
            0.001116550643928349,
            0.0011313289869576693,
            0.001002136035822332,
            0.0009979835012927651,
            0.0009781341068446636,
            0.000914847245439887,
            0.0009319499949924648,
            0.000839030952192843,
            0.001062746741808951,
            0.0008419849327765405,
            0.0008380450890399516,
            0.0008595267427153885,
            0.0007961374358274043,
            0.0007585289422422647,
            0.0007032887078821659,
            0.0007622981211170554,
            0.0007309721549972892,
            0.0006992107373662293,
            0.0007262786966748536,
            0.0007072220323607326,
            0.0006532015395350754,
            0.0006372315110638738,
            0.0007639951654709876,
            0.0007402243209071457,
            0.0008336572209373116
        ],
        "c2": [
            0.01960393227636814,
            0.007504673209041357,
            0.004184435587376356,
            0.00286259688436985,
            0.002342288615182042,
            0.001787831075489521,
            0.0015394022921100259,
            0.001522942096926272,
            0.0012052508536726236,
            0.0011188972275704145,
            0.00101411750074476,
            0.0009802085114642978,
            0.0009202861110679805,
            0.0008918452076613903,
            0.0008844137191772461,
            0.0008035659557208419,
            0.0007967402343638241,
            0.0007784197805449367,
            0.0007199444808065891,
            0.0007071144646033645,
            0.0006768103921785951,
            0.0006719724042341113,
            0.0011147866025567055,
            0.0007471559219993651,
            0.0006778700044378638,
            0.0006295538041740656,
            0.0006558909080922604,
            0.0006043046014383435,
            0.0006026191404089332,
            0.0005747758550569415,
            0.0005528237670660019,
            0.0005411956808529794,
            0.0005644892225973308,
            0.0005198155413381755,
            0.0005259593017399311,
            0.0005295620067045093,
            0.00053913559531793,
            0.0005103586590848863,
            0.000836080580484122,
            0.0005646029021590948
        ]
    }
}